Title,Link
Guidelines and cooking tips,https://solarcooking.fandom.com/wiki/Guidelines_and_cooking_tips
Beverages,https://solarcooking.fandom.com/wiki/Beverages
Appetizers,https://solarcooking.fandom.com/wiki/Appetizers
Soup,https://solarcooking.fandom.com/wiki/Soup
Snacks,https://solarcooking.fandom.com/wiki/Snacks
Bread,https://solarcooking.fandom.com/wiki/Bread
Eggs & Cheese,https://solarcooking.fandom.com/wiki/Eggs_%26_Cheese
Vegetables,https://solarcooking.fandom.com/wiki/Vegetables
Grains and Beans,https://solarcooking.fandom.com/wiki/Grains_and_Beans
Casseroles,https://solarcooking.fandom.com/wiki/Casseroles
Salads,https://solarcooking.fandom.com/wiki/Salads
Pasta & Rice,https://solarcooking.fandom.com/wiki/Pasta_%26_Rice
Poultry,https://solarcooking.fandom.com/wiki/Poultry
Meat Dishes,https://solarcooking.fandom.com/wiki/Meat_Dishes
Seafood,https://solarcooking.fandom.com/wiki/Seafood
Desserts,https://solarcooking.fandom.com/wiki/Desserts
Fruit,https://solarcooking.fandom.com/wiki/Fruit
