Name,Link
Deutsch,https://translate.google.com/translate?u=https://solarcooking.fandom.com/wiki/Fruit&sl=en&tl=de&hl=de
español,https://translate.google.com/translate?u=https://solarcooking.fandom.com/wiki/Fruit&sl=en&tl=es&hl=es
Ελληνικά,https://translate.google.com/translate?u=https://solarcooking.fandom.com/wiki/Fruit&sl=en&tl=el&hl=el
français,https://translate.google.com/translate?u=https://solarcooking.fandom.com/wiki/Fruit&sl=en&tl=fr&hl=fr
Hausa,https://translate.google.com/translate?u=https://solarcooking.fandom.com/wiki/Fruit&sl=en&tl=ha&hl=ha
Igbo,https://translate.google.com/translate?u=https://solarcooking.fandom.com/wiki/Fruit&sl=en&tl=ig&hl=ig
Indonesian,https://translate.google.com/translate?u=https://solarcooking.fandom.com/wiki/Fruit&sl=en&tl=id&hl=id
italiano,https://translate.google.com/translate?u=https://solarcooking.fandom.com/wiki/Fruit&sl=en&tl=it&hl=it
Kiswahili,https://translate.google.com/translate?u=https://solarcooking.fandom.com/wiki/Fruit&sl=en&tl=sw&hl=sw
Kreyòl,https://translate.google.com/translate?u=https://solarcooking.fandom.com/wiki/Fruit&sl=en&tl=ht&hl=ht
Malagasy,https://translate.google.com/translate?u=https://solarcooking.fandom.com/wiki/Fruit&sl=en&tl=mg&hl=mg
Melayu,https://translate.google.com/translate?u=https://solarcooking.fandom.com/wiki/Fruit&sl=en&tl=ms&hl=ms
português,https://translate.google.com/translate?u=https://solarcooking.fandom.com/wiki/Fruit&sl=en&tl=pt&hl=pt
русский,https://translate.google.com/translate?u=https://solarcooking.fandom.com/wiki/Fruit&sl=en&tl=ru&hl=ru
Soomaaliga,https://translate.google.com/translate?u=https://solarcooking.fandom.com/wiki/Fruit&sl=en&tl=so&hl=so
Tagalog,https://translate.google.com/translate?u=https://solarcooking.fandom.com/wiki/Fruit&sl=en&tl=tl&hl=tl
Việt,https://translate.google.com/translate?u=https://solarcooking.fandom.com/wiki/Fruit&sl=en&tl=vi&hl=vi
Türkçe,https://translate.google.com/translate?u=https://solarcooking.fandom.com/wiki/Fruit&sl=en&tl=tr&hl=tr
Yorùbá,https://translate.google.com/translate?u=https://solarcooking.fandom.com/wiki/Fruit&sl=en&tl=yo&hl=yo
தமிழ்,https://translate.google.com/translate?u=https://solarcooking.fandom.com/wiki/Fruit&sl=en&tl=ta&hl=ta
नेपाली,https://translate.google.com/translate?u=https://solarcooking.fandom.com/wiki/Fruit&sl=en&tl=ne&hl=ne
中文,https://translate.google.com/translate?u=https://solarcooking.fandom.com/wiki/Fruit&sl=en&tl=zh-CN&hl=zh-CN
اردو,https://translate.google.com/translate?u=https://solarcooking.fandom.com/wiki/Fruit&sl=en&tl=ur&hl=ur
한국어,https://translate.google.com/translate?u=https://solarcooking.fandom.com/wiki/Fruit&sl=en&tl=ko&hl=ko
日本語,https://translate.google.com/translate?u=https://solarcooking.fandom.com/wiki/Fruit&sl=en&tl=ja&hl=ja
العربية,https://translate.google.com/translate?u=https://solarcooking.fandom.com/wiki/Fruit&sl=en&tl=ar&hl=ar
فارسی,https://translate.google.com/translate?u=https://solarcooking.fandom.com/wiki/Fruit&sl=en&tl=fa&hl=fa
עִברִית,https://translate.google.com/translate?u=https://solarcooking.fandom.com/wiki/Fruit&sl=en&tl=iw&hl=iw
हिन्दी,https://translate.google.com/translate?u=https://solarcooking.fandom.com/wiki/Fruit&sl=en&tl=hi&hl=hi
ไทย,https://translate.google.com/translate?u=https://solarcooking.fandom.com/wiki/Fruit&sl=en&tl=th&hl=th
বাংলা,https://translate.google.com/translate?u=https://solarcooking.fandom.com/wiki/Fruit&sl=en&tl=bn&hl=bn
తెలుగు,https://translate.google.com/translate?u=https://solarcooking.fandom.com/wiki/Fruit&sl=en&tl=te&hl=te
ગુજરાતી,https://translate.google.com/translate?u=https://solarcooking.fandom.com/wiki/Fruit&sl=en&tl=gu&hl=gu
ລາວ,https://translate.google.com/translate?u=https://solarcooking.fandom.com/wiki/Fruit&sl=en&tl=lo&hl=lo
ਪੰਜਾਬੀ,https://translate.google.com/translate?u=https://solarcooking.fandom.com/wiki/Fruit&sl=en&tl=pa&hl=pa
සිංහල,https://translate.google.com/translate?u=https://solarcooking.fandom.com/wiki/Fruit&sl=en&tl=si&hl=si
پښتو,https://translate.google.com/translate?u=https://solarcooking.fandom.com/wiki/Fruit&sl=en&tl=ps&hl=ps
